net,length_um
net113,200.66µm
net93,163.47µm
net73,161.97µm
net86,153.62µm
net92,151.51µm
net74,151.26µm
net90,149.66µm
net28,149.34µm
net128,148.03µm
net72,147.92µm
i_clk,141.89µm
net91,140.27µm
clknet_0_i_clk,139.59µm
net67,136.9µm
net94,136.76µm
net80,136.44µm
net85,130.12µm
clknet_2_3__leaf_i_clk,129.42µm
clknet_2_0__leaf_i_clk,128.49µm
net79,123.86µm
net66,123.84µm
clknet_2_2__leaf_i_clk,119.82µm
net127,118.92µm
net109,116.59µm
_0287_,116.46µm
clknet_2_1__leaf_i_clk,116.22µm
net89,113.22µm
net120,110.49µm
net122,108.5µm
net112,108.34µm
clknet_leaf_6_i_clk,102.82µm
u_i2c_master_controller.cntrl_fsm.byte_rx_fsm.i_transaction_complete,102.74µm
net111,102.02µm
net124,101.38µm
net64,101.04µm
u_i2c_master_controller.cntrl_fsm.cntrl_fsm.o_enable_scl,99µm
net65,97.96µm
clknet_leaf_9_i_clk,97.35µm
net123,97.06µm
net88,96.73µm
net78,96.2µm
net100,96.105µm
net126,96.06µm
net61,95µm
clknet_leaf_12_i_clk,94.74µm
net110,94.54µm
net77,94.44µm
_0293_,94.12µm
net102,93.65µm
clknet_leaf_10_i_clk,93.49µm
_0288_,93.44µm
clknet_leaf_5_i_clk,92.94µm
clknet_leaf_19_i_clk,92.54µm
clknet_leaf_14_i_clk,92.47µm
net62,91.34µm
clknet_leaf_11_i_clk,90.18µm
net70,88.78µm
net83,88.32µm
u_i2c_master_controller.cntrl_fsm.cntrl_fsm.i_rw_mode,87.315µm
net69,86.84µm
clknet_leaf_4_i_clk,86.28µm
net87,85.94µm
net82,85.72µm
u_i2c_master_controller.i2cbus_cntrl_fsm.start_detect.state_next,83.48µm
net125,83.02µm
net75,82.71µm
net68,82.63µm
net118,82.33µm
clknet_leaf_13_i_clk,82.16µm
clknet_leaf_18_i_clk,81.7µm
clknet_leaf_3_i_clk,81.58µm
_0324_,81.52µm
clknet_leaf_15_i_clk,80.76µm
net84,80.72µm
net81,80.56µm
clknet_leaf_16_i_clk,79.34µm
net121,78.27µm
clknet_leaf_1_i_clk,77.9µm
clknet_leaf_0_i_clk,77.62µm
net63,76.44µm
net71,76.28µm
clknet_leaf_2_i_clk,74.32µm
u_i2c_master_controller.filter_scl.out_n,73.16µm
clknet_leaf_8_i_clk,73.155µm
clknet_leaf_20_i_clk,72.78µm
net104,70.2µm
_0282_,69.08µm
u_i2c_master_controller.cntrl_fsm.byte_tx_fsm.state\[1\],68.205µm
_0439_,67.91µm
_0363_,67.05µm
_0355_,66.635µm
clknet_leaf_7_i_clk,66.6µm
u_i2c_master_controller.cntrl_fsm.cntrl_fsm.o_i2c_busy,65.49µm
net76,65.14µm
_0411_,63.66µm
net106,63.52µm
net96,63.36µm
u_i2c_master_controller.i2cbus_cntrl_fsm.scl_gen.count\[7\],62.16µm
_0510_,61.515µm
net108,60.58µm
u_i2c_master_controller.cntrl_fsm.byte_rx_fsm.i_i2c_master_falling_scl_detect,60.32µm
_0037_,59.8µm
u_i2c_master_controller.cntrl_fsm.cntrl_fsm.i_start,58.74µm
_0322_,57.92µm
u_i2c_master_controller.cntrl_fsm.cntrl_fsm.state\[3\],57.27µm
u_i2c_master_controller.cntrl_fsm.byte_rx_fsm.state\[1\],57.125µm
_0491_,56.55µm
u_i2c_master_controller.i2cbus_cntrl_fsm.stop_gen.delay_gen.count\[6\],56.26µm
net99,55.91µm
u_i2c_master_controller.cntrl_fsm.rx_done_reg,54.88µm
clknet_leaf_17_i_clk,54.34µm
_0039_,53.86µm
_0516_,53.32µm
u_i2c_master_controller.cntrl_fsm.cntrl_fsm.state\[2\],52.815µm
io_sda,51.88µm
i_transmit_data[1],49.64µm
_0407_,49.425µm
_0362_,49.36µm
u_i2c_master_controller.cntrl_fsm.cntrl_fsm.o_config_latch_en,49.12µm
u_i2c_master_controller.i2cbus_cntrl_fsm.scl_gen.count_eq_modby2,48.84µm
i_transmit_data[5],48.72µm
net114,46.73µm
u_i2c_master_controller.i2cbus_cntrl_fsm.start_gen.delay_gen.count\[0\],46.54µm
net156,45.42µm
net49,44.36µm
_0471_,44.28µm
o_cmd_status_reg[7],44.26µm
u_i2c_master_controller.cntrl_fsm.cntrl_fsm.byte_count_i\[1\],43.88µm
u_i2c_master_controller.cntrl_fsm.cntrl_fsm.state\[0\],43.68µm
u_i2c_master_controller.i2cbus_cntrl_fsm.scl_gen.count\[8\],43.58µm
_0291_,43.54µm
u_i2c_master_controller.cntrl_fsm.cntrl_fsm.byte_count_i\[3\],43.46µm
u_i2c_master_controller.i2cbus_cntrl_fsm.start_gen.state\[5\],43.43µm
net194,43.34µm
u_i2c_master_controller.i2cbus_cntrl_fsm.scl_gen.count\[6\],42.18µm
_0342_,42µm
u_i2c_master_controller.cntrl_fsm.cntrl_fsm.i_slave_addr\[2\],41.72µm
u_i2c_master_controller.cntrl_fsm.intr_clr_reg1,41.28µm
net220,41.16µm
i_config_reg[3],40.84µm
net58,40.76µm
u_i2c_master_controller.i2cbus_cntrl_fsm.scl_gen.count_en,39.28µm
o_cmd_status_reg[3],38.5µm
_0281_,38.32µm
net97,38.32µm
u_i2c_master_controller.cntrl_fsm.cntrl_fsm.byte_count_i\[0\],38.1µm
_0354_,37.83µm
u_i2c_master_controller.i2cbus_cntrl_fsm.start_gen.state\[1\],37.76µm
i_slave_addr_reg[0],37.48µm
net117,37.45µm
u_i2c_master_controller.cntrl_fsm.adr_mode,37.44µm
u_i2c_master_controller.cntrl_fsm.byte_tx_fsm.state\[5\],37.42µm
_0421_,37.06µm
u_i2c_master_controller.i2cbus_cntrl_fsm.start_gen.delay_gen.count\[9\],37.04µm
u_i2c_master_controller.cntrl_fsm.cntrl_fsm.i_slave_addr\[1\],36.34µm
_0435_,36.165µm
_0431_,36.02µm
net29,35.56µm
u_i2c_master_controller.i2cbus_cntrl_fsm.stop_gen.delay_gen.count\[9\],35.24µm
o_int_n,35.06µm
u_i2c_master_controller.i2cbus_cntrl_fsm.stop_gen.delay_gen.count\[5\],35.02µm
o_receive_data[1],34.87µm
u_i2c_master_controller.cntrl_fsm.cntrl_fsm.i_slave_changed,34.64µm
o_receive_data[3],34.61µm
_0283_,34.5µm
_0490_,34.38µm
net19,34.16µm
net47,33.88µm
u_i2c_master_controller.i2cbus_cntrl_fsm.start_gen.delay_gen.count\[2\],33.88µm
_0449_,33.78µm
_0377_,33.7µm
o_transmit_data_request,33.68µm
u_i2c_master_controller.cntrl_fsm.cntrl_fsm.byte_count_i\[2\],33.62µm
u_i2c_master_controller.cntrl_fsm.byte_rx_fsm.state\[2\],33.08µm
u_i2c_master_controller.i2cbus_cntrl_fsm.stop_gen.delay_gen.count\[0\],32.96µm
_0200_,32.8µm
io_scl,32.79µm
i_config_reg[1],32.72µm
o_received_data_valid,32.68µm
i_transmit_data[2],32.54µm
u_i2c_master_controller.i2cbus_cntrl_fsm.stop_gen.delay_gen.start_delay,32.46µm
net211,32.42µm
u_i2c_master_controller.i2cbus_cntrl_fsm.start_gen.delay_gen.count\[6\],32.19µm
u_i2c_master_controller.i2cbus_cntrl_fsm.start_gen.delay_gen.count\[4\],32.15µm
u_i2c_master_controller.i2cbus_cntrl_fsm.stop_gen.delay_done,32.02µm
i_transmit_data[4],31.94µm
net30,31.9µm
u_i2c_master_controller.cntrl_fsm.byte_tx_err,31.73µm
u_i2c_master_controller.i2cbus_cntrl_fsm.scl_gen.count\[0\],31.72µm
u_i2c_master_controller.i2cbus_cntrl_fsm.stop_gen.state\[2\],31.64µm
_0388_,31.46µm
o_cmd_status_reg[2],31.42µm
net59,31.4µm
u_i2c_master_controller.i2cbus_cntrl_fsm.start_gen.delay_gen.count\[1\],31.34µm
o_receive_data[4],31.33µm
_0292_,31.255µm
_0320_,31.22µm
net41,31.18µm
u_i2c_master_controller.i2cbus_cntrl_fsm.stop_gen.delay_gen.count\[4\],31.12µm
u_i2c_master_controller.i2cbus_cntrl_fsm.scl_gen.count\[3\],30.67µm
_0344_,30.5µm
u_i2c_master_controller.cntrl_fsm.o_int_out,30.42µm
net17,30.34µm
net105,30.29µm
u_i2c_master_controller.i2cbus_cntrl_fsm.stop_gen.delay_gen.count\[2\],29.72µm
u_i2c_master_controller.i2cbus_cntrl_fsm.start_gen.delay_gen.count\[14\],29.66µm
net10,29.64µm
_0418_,29.6µm
u_i2c_master_controller.i2cbus_cntrl_fsm.start_gen.count_threshold\[4\],29.58µm
i_byte_cnt_reg[5],29.43µm
_0459_,29.24µm
u_i2c_master_controller.cntrl_fsm.byte_tx_fsm.i_tx_en,29.06µm
net115,29.045µm
_0034_,29.02µm
i_transmit_data[3],28.88µm
_0033_,28.82µm
o_receive_data[5],28.75µm
net9,28.72µm
_0446_,28.64µm
u_i2c_master_controller.i2cbus_cntrl_fsm.stop_gen.delay_gen.count\[7\],28.62µm
_0497_,28.44µm
u_i2c_master_controller.i2cbus_cntrl_fsm.stop_gen.delay_gen.count\[1\],28.4µm
_0523_,28.24µm
u_i2c_master_controller.cntrl_fsm.byte_tx_done,28.24µm
net39,28.16µm
net151,28.08µm
i_config_reg[5],27.88µm
net55,27.48µm
_0508_,27.18µm
_0379_,27.16µm
_0042_,27.06µm
i_transmit_data[6],27.04µm
u_i2c_master_controller.i2cbus_cntrl_fsm.scl_gen.count\[1\],26.78µm
_0511_,26.66µm
u_i2c_master_controller.cntrl_fsm.byte_tx_fsm.state\[4\],26.48µm
_0492_,26.36µm
_0337_,26.32µm
net223,26.28µm
net119,26.04µm
o_cmd_status_reg[5],25.82µm
u_i2c_master_controller.cntrl_fsm.byte_rx_fsm.state\[9\],25.74µm
u_i2c_master_controller.i2cbus_cntrl_fsm.start_gen.delay_gen.count\[8\],25.74µm
u_i2c_master_controller.cntrl_fsm.cntrl_fsm.byte_count_i\[6\],25.64µm
o_start_ack,25.4µm
_0338_,25.38µm
u_i2c_master_controller.i2cbus_cntrl_fsm.stop_gen.delay_gen.count\[8\],25.24µm
u_i2c_master_controller.cntrl_fsm.cntrl_fsm.byte_count_i\[4\],25.2µm
i_slave_addr_reg[4],25.2µm
net40,25.08µm
net33,25.04µm
_0315_,24.985µm
net42,24.94µm
net57,24.86µm
net289,24.845µm
net52,24.84µm
u_i2c_master_controller.cntrl_fsm.cntrl_fsm.o_stop_gen_en,24.81µm
_0394_,24.8µm
u_i2c_master_controller.i2cbus_cntrl_fsm.start_gen.count_threshold\[6\],24.8µm
net14,24.66µm
u_i2c_master_controller.cntrl_fsm.cntrl_fsm.i_slave_addr\[7\],24.6µm
net251,24.56µm
u_i2c_master_controller.i2cbus_cntrl_fsm.stop_gen.state\[0\],24.52µm
i_slave_addr_reg[1],24.52µm
u_i2c_master_controller.i2cbus_cntrl_fsm.start_gen.delay_gen.count\[7\],24.48µm
net54,24.42µm
net204,24.4µm
_0070_,24.38µm
net37,24.34µm
net208,24.3µm
u_i2c_master_controller.i2cbus_cntrl_fsm.stop_gen.delay_gen.count\[10\],24.28µm
u_i2c_master_controller.cntrl_fsm.cntrl_fsm.state\[1\],24.11µm
_0361_,24.06µm
u_i2c_master_controller.i2cbus_cntrl_fsm.stop_gen.delay_gen.count\[12\],23.97µm
u_i2c_master_controller.cntrl_fsm.cntrl_fsm.state\[8\],23.96µm
u_i2c_master_controller.cntrl_fsm.cntrl_fsm.state\[4\],23.88µm
_0298_,23.54µm
u_i2c_master_controller.i2cbus_cntrl_fsm.scl_gen.state\[0\],23.505µm
_0385_,23.42µm
net213,23.38µm
net150,23.22µm
u_i2c_master_controller.cntrl_fsm.cntrl_fsm.i2cbus_busy_i,23.2µm
_0351_,23.18µm
u_i2c_master_controller.cntrl_fsm.byte_rx_fsm.state\[5\],23.18µm
i_slave_addr_reg[2],23.18µm
net48,23.16µm
_0479_,23.06µm
u_i2c_master_controller.cntrl_fsm.byte_cnt\[7\],22.98µm
net53,22.96µm
u_i2c_master_controller.cntrl_fsm.tx_err_reg,22.88µm
u_i2c_master_controller.i2cbus_cntrl_fsm.falling_scl_detect.state\[0\],22.88µm
net15,22.86µm
o_receive_data[6],22.53µm
net116,22.44µm
u_i2c_master_controller.cntrl_fsm.intr_clr_reg,22.42µm
u_i2c_master_controller.cntrl_fsm.byte_cnt\[3\],22.34µm
u_i2c_master_controller.cntrl_fsm.tx_done_reg,22.3µm
u_i2c_master_controller.i2cbus_cntrl_fsm.scl_gen.state\[1\],22.24µm
u_i2c_master_controller.cntrl_fsm.byte_tx_fsm.i_tx_data\[3\],22.16µm
net154,22.16µm
u_i2c_master_controller.i2cbus_cntrl_fsm.scl_gen.modulus\[6\],21.975µm
u_i2c_master_controller.cntrl_fsm.cntrl_fsm.i_i2c_master_stop_detect,21.92µm
net36,21.86µm
o_receive_data[2],21.83µm
u_i2c_master_controller.i2cbus_cntrl_fsm.start_gen.delay_gen.start_delay,21.78µm
u_i2c_master_controller.i2cbus_cntrl_fsm.scl_gen.count\[2\],21.76µm
net101,21.74µm
net38,21.58µm
net2,21.48µm
_0495_,21.42µm
u_i2c_master_controller.cntrl_fsm.cntrl_fsm.byte_count_i\[7\],21.42µm
_0493_,21.24µm
_0470_,21.17µm
i_clk_div_lsb[3],21.17µm
_0396_,21.1µm
u_i2c_master_controller.cntrl_fsm.byte_tx_fsm.state\[7\],21.04µm
u_i2c_master_controller.i2cbus_cntrl_fsm.start_gen.delay_gen.count\[10\],21.02µm
u_i2c_master_controller.cntrl_fsm.cntrl_fsm.i_slave_addr\[5\],20.71µm
u_i2c_master_controller.i2cbus_cntrl_fsm.stop_gen.delay_gen.count\[14\],20.68µm
_0295_,20.66µm
net51,20.66µm
_0443_,20.62µm
u_i2c_master_controller.cntrl_fsm.byte_tx_fsm.state\[8\],20.465µm
i_byte_cnt_reg[7],20.45µm
u_i2c_master_controller.cntrl_fsm.byte_tx_fsm.state\[2\],20.3µm
o_cmd_status_reg[6],20.26µm
_0290_,20.16µm
u_i2c_master_controller.cntrl_fsm.byte_rx_fsm.state\[8\],20.04µm
_0426_,20.02µm
_0366_,20.01µm
i_slave_addr_reg[5],19.98µm
i_mode_reg[5],19.9µm
net7,19.86µm
net8,19.86µm
net56,19.82µm
u_i2c_master_controller.i2cbus_cntrl_fsm.scl_gen.count\[5\],19.76µm
_0089_,19.74µm
i_mode_reg[3],19.68µm
_0302_,19.65µm
u_i2c_master_controller.cntrl_fsm.byte_tx_fsm.state\[3\],19.64µm
_0480_,19.62µm
net95,19.59µm
_0001_,19.58µm
net16,19.4µm
net11,19.38µm
o_receive_data[7],19.37µm
u_i2c_master_controller.cntrl_fsm.byte_rx_fsm.state\[0\],19.08µm
net148,19.045µm
i_byte_cnt_reg[1],19.03µm
net247,19.02µm
_0048_,18.82µm
u_i2c_master_controller.i2cbus_cntrl_fsm.start_gen.delay_gen.count\[5\],18.82µm
_0530_,18.76µm
net27,18.72µm
_0454_,18.68µm
_0370_,18.62µm
net35,18.6µm
u_i2c_master_controller.cntrl_fsm.cntrl_fsm.i_slave_addr\[6\],18.52µm
net107,18.5µm
_0371_,18.405µm
_0496_,18.4µm
i_clk_div_lsb[5],18.35µm
i_clk_div_lsb[2],18.31µm
u_i2c_master_controller.cntrl_fsm.abort_ack_reg,18.22µm
u_i2c_master_controller.cntrl_fsm.byte_rx_done,18.18µm
_0457_,18.16µm
net50,18.14µm
_0317_,18.12µm
i_mode_reg[6],18.12µm
_0029_,18µm
_0365_,17.98µm
_0507_,17.94µm
u_i2c_master_controller.cntrl_fsm.cntrl_fsm.i_slave_addr\[4\],17.91µm
_0376_,17.84µm
i_config_reg[0],17.84µm
i_transmit_data[7],17.84µm
u_i2c_master_controller.cntrl_fsm.tx_err,17.8µm
u_i2c_master_controller.cntrl_fsm.byte_tx_fsm.i_tx_data\[1\],17.71µm
u_i2c_master_controller.cntrl_fsm.byte_cnt\[2\],17.68µm
_0006_,17.66µm
net34,17.66µm
_0090_,17.54µm
net5,17.5µm
u_i2c_master_controller.i2cbus_cntrl_fsm.stop_gen.delay_gen.count\[11\],17.46µm
net162,17.4µm
i_byte_cnt_reg[6],17.39µm
net31,17.36µm
u_i2c_master_controller.cntrl_fsm.cntrl_fsm.state\[7\],17.36µm
u_i2c_master_controller.i2cbus_cntrl_fsm.scl_gen.count\[4\],17.32µm
i_config_reg[4],17.16µm
o_cmd_status_reg[4],17.16µm
i_clk_div_lsb[1],17.15µm
_0038_,17.14µm
net45,17.08µm
i_byte_cnt_reg[0],16.99µm
_0453_,16.98µm
u_i2c_master_controller.cntrl_fsm.rx_err,16.96µm
net165,16.92µm
_0156_,16.66µm
net144,16.64µm
u_i2c_master_controller.cntrl_fsm.intr_clr_reg2,16.6µm
u_i2c_master_controller.i2cbus_cntrl_fsm.start_gen.state\[0\],16.56µm
u_i2c_master_controller.i2cbus_cntrl_fsm.scl_gen.modulus\[5\],16.48µm
u_i2c_master_controller.i2cbus_cntrl_fsm.stop_gen.delay_gen.count\[3\],16.48µm
i_byte_cnt_reg[4],16.37µm
net185,16.37µm
_0521_,16.26µm
u_i2c_master_controller.cntrl_fsm.byte_cnt\[4\],16.26µm
u_i2c_master_controller.filter_sda.out_n,16.2µm
_0341_,16.16µm
_0513_,16.12µm
net266,16.1µm
_0035_,16.08µm
net159,16.04µm
u_i2c_master_controller.i2cbus_cntrl_fsm.scl_gen.modulus\[4\],16.02µm
i_transmit_data[0],16µm
_0425_,15.98µm
_0340_,15.94µm
_0384_,15.92µm
net240,15.84µm
i_mode_reg[7],15.8µm
_0017_,15.76µm
net23,15.76µm
u_i2c_master_controller.cntrl_fsm.byte_cnt\[0\],15.72µm
net187,15.72µm
u_i2c_master_controller.i2cbus_cntrl_fsm.stop_gen.delay_gen.count\[15\],15.64µm
net157,15.56µm
net176,15.49µm
u_i2c_master_controller.cntrl_fsm.byte_tx_fsm.i_tx_data\[4\],15.42µm
net230,15.38µm
_0369_,15.36µm
_0321_,15.26µm
u_i2c_master_controller.cntrl_fsm.abort_ack,15.2µm
i_byte_cnt_reg[3],15.15µm
u_i2c_master_controller.i2cbus_cntrl_fsm.start_gen.delay_gen.count\[3\],15.14µm
net171,15.04µm
u_i2c_master_controller.cntrl_fsm.byte_tx_fsm.i_tx_data\[6\],15.02µm
_0319_,14.96µm
u_i2c_master_controller.cntrl_fsm.byte_tx_fsm.state\[0\],14.94µm
_0286_,14.82µm
u_i2c_master_controller.i2cbus_cntrl_fsm.start_gen.delay_gen.count\[12\],14.82µm
_0360_,14.8µm
u_i2c_master_controller.i2cbus_cntrl_fsm.start_gen.delay_gen.count\[11\],14.76µm
net142,14.76µm
_0145_,14.68µm
o_receive_data[0],14.67µm
u_i2c_master_controller.cntrl_fsm.byte_tx_fsm.i_tx_data\[7\],14.66µm
net170,14.62µm
u_i2c_master_controller.cntrl_fsm.byte_cnt\[6\],14.52µm
_0409_,14.5µm
net6,14.42µm
u_i2c_master_controller.cntrl_fsm.abort_reg,14.42µm
_0309_,14.3µm
_0045_,14.265µm
net21,14.245µm
u_i2c_master_controller.cntrl_fsm.cntrl_fsm.state\[6\],14.24µm
_0512_,14.2µm
_0509_,14.18µm
net139,14.18µm
u_i2c_master_controller.i2cbus_cntrl_fsm.start_gen.delay_done,14.16µm
net133,14.13µm
_0402_,14.06µm
i_mode_reg[1],14.05µm
net216,13.96µm
u_i2c_master_controller.cntrl_fsm.cntrl_fsm.o_rx_done,13.94µm
i_clk_div_lsb[4],13.93µm
u_i2c_master_controller.cntrl_fsm.byte_rx_fsm.state\[6\],13.805µm
net44,13.8µm
net24,13.74µm
net25,13.74µm
_0041_,13.72µm
_0434_,13.72µm
u_i2c_master_controller.i2cbus_cntrl_fsm.scl_gen.modulus\[0\],13.69µm
net149,13.68µm
_0002_,13.66µm
_0278_,13.62µm
_0382_,13.56µm
_0397_,13.52µm
u_i2c_master_controller.soft_reset_d2,13.46µm
net280,13.32µm
_0477_,13.3µm
net210,13.26µm
i_config_reg[2],13.24µm
_0275_,13.1µm
u_i2c_master_controller.i2cbus_cntrl_fsm.i2c_master_stop_sda_i,13.08µm
u_i2c_master_controller.i2cbus_cntrl_fsm.start_gen.state\[4\],13.04µm
u_i2c_master_controller.i2cbus_cntrl_fsm.stop_gen.delay_gen.count\[13\],13.04µm
_0450_,12.98µm
_0296_,12.96µm
net46,12.96µm
_0101_,12.92µm
u_i2c_master_controller.cntrl_fsm.rx_err_reg,12.88µm
_0393_,12.86µm
_0356_,12.79µm
_0129_,12.7µm
_0335_,12.7µm
_0040_,12.66µm
net43,12.66µm
u_i2c_master_controller.cntrl_fsm.cntrl_fsm.byte_count_i\[5\],12.66µm
net146,12.66µm
_0057_,12.62µm
_0413_,12.6µm
u_i2c_master_controller.i2cbus_cntrl_fsm.scl_gen.modulus\[2\],12.59µm
net256,12.58µm
_0346_,12.54µm
u_i2c_master_controller.cntrl_fsm.byte_rx_fsm.o_rx_ack_sda,12.54µm
_0013_,12.5µm
_0352_,12.46µm
_0474_,12.44µm
u_i2c_master_controller.cntrl_fsm.txintr_en,12.38µm
_0390_,12.34µm
u_i2c_master_controller.cntrl_fsm.byte_tx_fsm.i_tx_data\[5\],12.325µm
i_slave_addr_reg[6],12.32µm
_0405_,12.28µm
_0375_,12.24µm
net284,12.24µm
u_i2c_master_controller.cntrl_fsm.cntrl_fsm.rx_en,12.2µm
_0285_,12.14µm
_0478_,12.14µm
u_i2c_master_controller.cntrl_fsm.rxintr_en,12.14µm
_0072_,12.12µm
_0481_,12.12µm
net269,12.12µm
net160,12.08µm
u_i2c_master_controller.i2cbus_cntrl_fsm.start_gen.delay_gen.count\[15\],12.06µm
_0249_,12.045µm
u_i2c_master_controller.cntrl_fsm.byte_rx_fsm.state\[3\],12.02µm
_0406_,12µm
u_i2c_master_controller.i2cbus_cntrl_fsm.start_gen.delay_gen.count\[13\],11.96µm
_0392_,11.9µm
u_i2c_master_controller.i2cbus_cntrl_fsm.scl_gen.modulus\[3\],11.865µm
_0401_,11.82µm
u_i2c_master_controller.filter_scl.in_d2,11.78µm
net152,11.78µm
net274,11.78µm
_0468_,11.735µm
_0498_,11.72µm
_0318_,11.62µm
i_clk_div_lsb[7],11.61µm
u_i2c_master_controller.bps_mode\[1\],11.58µm
net172,11.58µm
_0019_,11.5µm
_0222_,11.465µm
_0350_,11.46µm
_0240_,11.445µm
_0472_,11.44µm
net235,11.42µm
u_i2c_master_controller.cntrl_fsm.byte_rx_fsm.state\[7\],11.3µm
i_clk_div_lsb[6],11.21µm
_0239_,11.205µm
u_i2c_master_controller.cntrl_fsm.byte_rx_fsm.i_rx_en,11.2µm
net103,11.17µm
net145,11.16µm
_0515_,11.12µm
u_i2c_master_controller.cntrl_fsm.cntrl_fsm.i_start_gen_ack,11.12µm
_0429_,11.06µm
_0485_,11.04µm
u_i2c_master_controller.cntrl_fsm.byte_cnt\[1\],10.96µm
_0445_,10.92µm
net178,10.92µm
net227,10.9µm
net238,10.9µm
_0030_,10.86µm
u_i2c_master_controller.cntrl_fsm.byte_cnt\[5\],10.86µm
_0000_,10.78µm
_0209_,10.78µm
_0305_,10.78µm
_0310_,10.78µm
u_i2c_master_controller.soft_reset_d3,10.78µm
_0014_,10.74µm
u_i2c_master_controller.i2cbus_cntrl_fsm.scl_gen.count_reset,10.74µm
_0080_,10.7µm
_0437_,10.7µm
_0416_,10.68µm
_0525_,10.68µm
_0415_,10.6µm
u_i2c_master_controller.i2cbus_cntrl_fsm.scl_gen.state\[3\],10.48µm
_0289_,10.46µm
_0132_,10.38µm
_0284_,10.38µm
u_i2c_master_controller.cntrl_fsm.cntrl_fsm.o_tx_done,10.38µm
net13,10.36µm
u_i2c_master_controller.i2cbus_cntrl_fsm.scl_gen.state\[2\],10.36µm
_0022_,10.32µm
u_i2c_master_controller.cntrl_fsm.rx_done_d1,10.32µm
u_i2c_master_controller.cntrl_fsm.cntrl_fsm.i_slave_addr\[3\],10.31µm
_0248_,10.3µm
net226,10.28µm
u_i2c_master_controller.cntrl_fsm.byte_tx_fsm.o_byte_tx_sda,10.26µm
_0092_,10.24µm
_0391_,10.24µm
_0387_,10.2µm
_0462_,10.2µm
_0085_,10.06µm
net228,10µm
u_i2c_master_controller.i2cbus_cntrl_fsm.start_gen.state\[2\],9.94µm
_0008_,9.9µm
_0215_,9.78µm
_0505_,9.76µm
net189,9.74µm
_0217_,9.7µm
net12,9.7µm
net180,9.66µm
_0359_,9.56µm
_0364_,9.52µm
net32,9.44µm
_0028_,9.4µm
u_i2c_master_controller.cntrl_fsm.byte_tx_fsm.state\[6\],9.4µm
_0091_,9.28µm
_0348_,9.28µm
u_i2c_master_controller.cntrl_fsm.byte_rx_fsm.state\[4\],9.28µm
_0214_,9.2µm
_0098_,9.18µm
_0456_,9.14µm
net203,9.14µm
net244,9.14µm
_0303_,9.08µm
_0190_,9.07µm
net60,9.02µm
net264,9.02µm
_0279_,8.98µm
u_i2c_master_controller.cntrl_fsm.cntrl_fsm.o_start_gen_en,8.98µm
_0463_,8.94µm
net206,8.9µm
i_byte_cnt_reg[2],8.89µm
i_slave_addr_reg[3],8.89µm
net167,8.86µm
net271,8.82µm
net137,8.78µm
net222,8.78µm
net26,8.76µm
_0235_,8.68µm
_0242_,8.66µm
u_i2c_master_controller.cntrl_fsm.byte_tx_fsm.i_tx_data\[2\],8.64µm
_0083_,8.56µm
net164,8.56µm
_0020_,8.54µm
_0047_,8.52µm
_0203_,8.52µm
_0280_,8.52µm
u_i2c_master_controller.bps_mode\[0\],8.52µm
u_i2c_master_controller.i2cbus_cntrl_fsm.stop_gen.state\[1\],8.52µm
net190,8.52µm
_0494_,8.44µm
_0399_,8.3µm
_0301_,8.29µm
_0110_,8.28µm
_0171_,8.28µm
_0093_,8.26µm
net288,8.26µm
net131,8.21µm
_0159_,8.2µm
_0247_,8.16µm
_0349_,8.16µm
u_i2c_master_controller.i2cbus_cntrl_fsm.start_gen.state\[3\],8.1µm
net18,8.06µm
_0251_,7.98µm
i_rst_n,7.98µm
_0487_,7.95µm
net214,7.9µm
net197,7.885µm
i_mode_reg[0],7.87µm
_0374_,7.86µm
net169,7.84µm
_0103_,7.82µm
_0115_,7.82µm
_0398_,7.82µm
_0527_,7.82µm
net98,7.76µm
net249,7.74µm
_0162_,7.72µm
_0202_,7.72µm
_0212_,7.72µm
_0270_,7.64µm
u_i2c_master_controller.i2cbus_cntrl_fsm.start_gen.state\[6\],7.64µm
_0220_,7.6µm
_0464_,7.6µm
_0126_,7.59µm
_0246_,7.56µm
_0466_,7.56µm
net201,7.56µm
_0268_,7.52µm
_0381_,7.52µm
_0422_,7.52µm
_0323_,7.4µm
_0167_,7.37µm
_0262_,7.365µm
net234,7.32µm
net129,7.315µm
_0078_,7.3µm
_0193_,7.3µm
_0205_,7.26µm
_0528_,7.24µm
_0306_,7.22µm
_0423_,7.22µm
net181,7.14µm
_0224_,7.105µm
_0458_,7.1µm
_0088_,7.06µm
_0238_,7.06µm
net163,6.98µm
net130,6.96µm
_0403_,6.94µm
net166,6.92µm
net254,6.92µm
net177,6.9µm
_0194_,6.84µm
_0195_,6.84µm
_0243_,6.84µm
_0100_,6.8µm
_0127_,6.8µm
_0172_,6.8µm
_0183_,6.8µm
_0184_,6.8µm
_0489_,6.76µm
net20,6.76µm
u_i2c_master_controller.soft_reset_d1,6.76µm
u_i2c_master_controller.cntrl_fsm.byte_tx_fsm.state\[9\],6.72µm
net224,6.72µm
_0514_,6.715µm
_0378_,6.7µm
_0003_,6.64µm
_0016_,6.6µm
_0312_,6.6µm
net193,6.6µm
net242,6.6µm
_0408_,6.54µm
_0500_,6.54µm
_0357_,6.52µm
_0452_,6.52µm
_0484_,6.52µm
net237,6.52µm
_0252_,6.48µm
net275,6.48µm
_0233_,6.44µm
_0327_,6.44µm
net259,6.44µm
_0198_,6.42µm
_0161_,6.41µm
_0175_,6.41µm
_0380_,6.4µm
_0383_,6.4µm
net138,6.38µm
u_i2c_master_controller.cntrl_fsm.cntrl_fsm.state\[5\],6.3µm
_0265_,6.26µm
_0308_,6.26µm
_0055_,6.24µm
_0223_,6.185µm
_0134_,6.18µm
_0373_,6.18µm
net273,6.18µm
_0230_,6.14µm
_0386_,6.14µm
_0427_,6.14µm
_0438_,6.14µm
net218,6.08µm
_0164_,6.07µm
_0267_,5.96µm
_0054_,5.94µm
_0216_,5.94µm
_0372_,5.94µm
_0231_,5.92µm
_0241_,5.92µm
_0128_,5.89µm
net279,5.86µm
_0044_,5.84µm
net263,5.84µm
_0311_,5.8µm
net233,5.8µm
_0177_,5.77µm
_0424_,5.72µm
net153,5.72µm
net22,5.68µm
u_i2c_master_controller.cntrl_fsm.abort_ack_d1,5.68µm
_0106_,5.61µm
net147,5.6µm
_0297_,5.58µm
net267,5.58µm
_0104_,5.56µm
_0130_,5.56µm
_0152_,5.56µm
_0173_,5.56µm
_0197_,5.56µm
_0245_,5.56µm
_0395_,5.56µm
net155,5.52µm
_0032_,5.5µm
_0065_,5.5µm
_0071_,5.5µm
net215,5.49µm
net174,5.48µm
_0036_,5.46µm
_0218_,5.46µm
_0169_,5.44µm
_0155_,5.43µm
_0094_,5.38µm
_0325_,5.38µm
u_i2c_master_controller.i2cbus_cntrl_fsm.i2c_master_start_sda_i,5.38µm
_0079_,5.34µm
_0234_,5.34µm
_0259_,5.34µm
_0260_,5.34µm
u_i2c_master_controller.cntrl_fsm.start_reg1,5.34µm
u_i2c_master_controller.filter_scl.in_d3,5.34µm
_0461_,5.28µm
net253,5.26µm
net270,5.26µm
net272,5.26µm
net278,5.26µm
_0007_,5.255µm
_0046_,5.22µm
_0050_,5.22µm
_0420_,5.22µm
_0448_,5.22µm
net,5.22µm
net161,5.18µm
_0031_,5.14µm
_0488_,5.12µm
net282,5.12µm
_0112_,5.1µm
_0114_,5.1µm
_0157_,5.1µm
_0465_,5.06µm
u_i2c_master_controller.cntrl_fsm.abort_reg1,5.06µm
_0123_,5µm
_0201_,5µm
net205,5µm
net260,5µm
_0522_,4.995µm
_0412_,4.94µm
net198,4.94µm
_0073_,4.92µm
_0271_,4.92µm
_0272_,4.92µm
u_i2c_master_controller.i2cbus_cntrl_fsm.falling_scl_detect.state\[1\],4.92µm
net209,4.92µm
_0153_,4.88µm
_0432_,4.88µm
_0486_,4.88µm
u_i2c_master_controller.cntrl_fsm.tx_err_d1,4.88µm
_0482_,4.82µm
_0060_,4.8µm
net257,4.8µm
_0255_,4.78µm
_0053_,4.76µm
_0331_,4.76µm
net195,4.76µm
_0524_,4.7µm
u_i2c_master_controller.cntrl_fsm.byte_tx_fsm.i_tx_data\[0\],4.69µm
_0451_,4.68µm
_0012_,4.61µm
_0118_,4.61µm
_0097_,4.6µm
_0316_,4.6µm
u_i2c_master_controller.filter_sda.in_d2,4.6µm
_0221_,4.585µm
_0023_,4.58µm
net140,4.58µm
_0107_,4.54µm
_0121_,4.54µm
_0165_,4.54µm
_0211_,4.54µm
_0213_,4.54µm
net231,4.54µm
_0124_,4.51µm
_0086_,4.485µm
_0232_,4.48µm
_0526_,4.48µm
_0004_,4.46µm
_0274_,4.46µm
_0441_,4.46µm
u_i2c_master_controller.cntrl_fsm.cntrl_fsm.i_i2c_master_start_detect,4.46µm
net261,4.46µm
_0237_,4.44µm
_0122_,4.42µm
_0176_,4.42µm
_0475_,4.42µm
_0502_,4.42µm
net241,4.42µm
_0146_,4.37µm
_0160_,4.37µm
u_i2c_master_controller.filter_sda.in_d3,4.36µm
_0058_,4.34µm
_0430_,4.34µm
u_i2c_master_controller.i2cbus_cntrl_fsm.o_i2c_master_scl,4.34µm
net217,4.34µm
net221,4.34µm
net3,4.24µm
net202,4.22µm
net4,4.2µm
_0226_,4.165µm
_0131_,4.15µm
_0025_,4.14µm
_0460_,4.14µm
net243,4.14µm
u_i2c_master_controller.cntrl_fsm.tx_done_d1,4.12µm
_0081_,4.1µm
_0244_,4.1µm
net225,4.1µm
_0102_,4.08µm
_0148_,4.08µm
_0163_,4.08µm
_0170_,4.08µm
_0250_,4.08µm
net236,4.08µm
net196,4.05µm
_0304_,4.02µm
_0347_,4.02µm
_0417_,4.02µm
_0011_,4µm
_0027_,4µm
_0444_,4µm
net182,4µm
net287,4µm
_0253_,3.98µm
_0273_,3.9µm
_0254_,3.78µm
_0056_,3.76µm
_0187_,3.69µm
_0414_,3.68µm
u_i2c_master_controller.filter_scl.in_d1,3.68µm
u_i2c_master_controller.i2cbus_cntrl_fsm.start_detect.state,3.68µm
net246,3.68µm
_0299_,3.66µm
_0476_,3.66µm
net134,3.66µm
net141,3.66µm
net179,3.66µm
_0111_,3.61µm
_0117_,3.59µm
_0015_,3.56µm
_0018_,3.56µm
_0529_,3.56µm
_0005_,3.54µm
_0051_,3.54µm
_0075_,3.54µm
_0076_,3.54µm
_0264_,3.54µm
_0419_,3.54µm
_0024_,3.52µm
_0166_,3.52µm
_0343_,3.44µm
_0062_,3.42µm
_0063_,3.42µm
_0257_,3.42µm
_0400_,3.42µm
_0455_,3.42µm
_0428_,3.32µm
_0182_,3.3µm
_0196_,3.3µm
_0276_,3.3µm
_0519_,3.3µm
_0119_,3.23µm
_0084_,3.22µm
_0339_,3.2µm
_0517_,3.2µm
_0009_,3.18µm
net200,3.18µm
net191,3.175µm
_0147_,3.15µm
_0333_,3.145µm
_0108_,3.13µm
_0109_,3.13µm
_0236_,3.115µm
_0010_,3.1µm
_0021_,3.1µm
_0026_,3.08µm
u_i2c_master_controller.cntrl_fsm.rx_err_d1,3.08µm
u_i2c_master_controller.filter_sda.in_d1,3.08µm
u_i2c_master_controller.i2cbus_cntrl_fsm.scl_gen.modulus\[8\],3.08µm
u_i2c_master_controller.i2cbus_cntrl_fsm.stop_detect.state,3.08µm
net173,3.08µm
net212,3.08µm
net281,3.08µm
_0174_,3.06µm
_0228_,3.005µm
_0207_,2.96µm
_0263_,2.96µm
_0300_,2.96µm
_0328_,2.96µm
net276,2.96µm
_0043_,2.925µm
_0404_,2.885µm
_0506_,2.86µm
_0389_,2.85µm
_0105_,2.84µm
_0113_,2.84µm
_0142_,2.84µm
_0178_,2.84µm
_0185_,2.84µm
_0483_,2.84µm
net1,2.84µm
net135,2.84µm
_0225_,2.785µm
net255,2.76µm
net268,2.76µm
net277,2.76µm
_0059_,2.74µm
net136,2.74µm
net192,2.74µm
_0136_,2.69µm
_0140_,2.69µm
_0074_,2.64µm
_0258_,2.64µm
_0332_,2.64µm
_0219_,2.62µm
_0266_,2.62µm
_0277_,2.62µm
_0353_,2.62µm
net184,2.62µm
net188,2.62µm
net219,2.62µm
_0227_,2.545µm
_0049_,2.5µm
_0179_,2.5µm
_0206_,2.5µm
_0334_,2.5µm
_0469_,2.5µm
_0135_,2.43µm
_0180_,2.43µm
_0436_,2.4µm
_0116_,2.38µm
_0141_,2.38µm
_0149_,2.38µm
_0158_,2.38µm
_0168_,2.38µm
_0181_,2.38µm
_0188_,2.38µm
_0208_,2.38µm
_0314_,2.3µm
u_i2c_master_controller.i2cbus_cntrl_fsm.scl_gen.modulus\[1\],2.3µm
net158,2.3µm
net232,2.3µm
net239,2.3µm
net262,2.3µm
net265,2.3µm
_0066_,2.28µm
_0139_,2.28µm
_0199_,2.28µm
net207,2.28µm
_0313_,2.18µm
_0440_,2.18µm
_0067_,2.16µm
_0189_,2.16µm
_0191_,2.16µm
_0256_,2.16µm
_0261_,2.16µm
_0336_,2.16µm
_0358_,2.16µm
_0367_,2.16µm
net132,2.16µm
net143,2.16µm
net199,2.16µm
net286,2.16µm
_0520_,2.07µm
_0082_,2.04µm
_0120_,2.04µm
_0133_,2.04µm
_0154_,2.04µm
_0345_,2.04µm
_0410_,2.04µm
_0447_,2.04µm
net175,2µm
_0504_,1.94µm
_0330_,1.865µm
_0087_,1.84µm
_0095_,1.84µm
_0096_,1.84µm
net252,1.84µm
net258,1.84µm
_0061_,1.82µm
_0064_,1.82µm
_0068_,1.82µm
_0138_,1.82µm
_0144_,1.82µm
_0150_,1.82µm
_0151_,1.82µm
_0210_,1.82µm
_0269_,1.82µm
_0473_,1.82µm
_0501_,1.82µm
_0192_,1.75µm
_0329_,1.72µm
_0442_,1.72µm
_0326_,1.7µm
_0433_,1.7µm
_0518_,1.7µm
u_i2c_master_controller.cntrl_fsm.cntrl_fsm.state\[9\],1.7µm
u_i2c_master_controller.i2cbus_cntrl_fsm.scl_gen.modulus\[7\],1.7µm
net168,1.7µm
net186,1.7µm
_0368_,1.58µm
_0052_,1.38µm
_0307_,1.38µm
_0503_,1.38µm
u_i2c_master_controller.i2cbus_cntrl_fsm.falling_scl_detect.state\[2\],1.38µm
net248,1.38µm
net250,1.38µm
net283,1.38µm
_0069_,1.36µm
_0077_,1.36µm
_0099_,1.36µm
_0125_,1.36µm
_0137_,1.36µm
_0143_,1.36µm
_0186_,1.36µm
_0204_,1.36µm
net229,1.36µm
net245,1.36µm
_0229_,1.26µm
_0294_,0.92µm
_0467_,0.92µm
_0499_,0.46µm
net183,0.46µm
net285,0.46µm
